well_id,condition,concentration,well_mean_firing_rate,well_std_firing_rate,well_max_firing_rate,well_mean_burst_rate,well_std_burst_rate,well_active_electrodes,well_active_electrode_fraction,well_total_spikes,well_cv_firing_rate,electrode_id,electrode_firing_rate,electrode_burst_rate,electrode_avg_burst_duration,electrode_avg_spikes_per_burst,electrode_is_active,electrode_total_spikes
A01,control,0.0,13.524999999999999,3.3837335559671033,21.533333333333335,0,0,16,1.0,6492,0.2501836270585659,electrode_0,13.5,0,0,0,True,405
A01,control,0.0,13.524999999999999,3.3837335559671033,21.533333333333335,0,0,16,1.0,6492,0.2501836270585659,electrode_1,11.533333333333333,0,0,0,True,346
A01,control,0.0,13.524999999999999,3.3837335559671033,21.533333333333335,0,0,16,1.0,6492,0.2501836270585659,electrode_2,12.1,0,0,0,True,363
A01,control,0.0,13.524999999999999,3.3837335559671033,21.533333333333335,0,0,16,1.0,6492,0.2501836270585659,electrode_3,14.666666666666666,0,0,0,True,440
A01,control,0.0,13.524999999999999,3.3837335559671033,21.533333333333335,0,0,16,1.0,6492,0.2501836270585659,electrode_4,21.533333333333335,0,0,0,True,646
A01,control,0.0,13.524999999999999,3.3837335559671033,21.533333333333335,0,0,16,1.0,6492,0.2501836270585659,electrode_5,13.5,0,0,0,True,405
A01,control,0.0,13.524999999999999,3.3837335559671033,21.533333333333335,0,0,16,1.0,6492,0.2501836270585659,electrode_6,11.033333333333333,0,0,0,True,331
A01,control,0.0,13.524999999999999,3.3837335559671033,21.533333333333335,0,0,16,1.0,6492,0.2501836270585659,electrode_7,10.033333333333333,0,0,0,True,301
A01,control,0.0,13.524999999999999,3.3837335559671033,21.533333333333335,0,0,16,1.0,6492,0.2501836270585659,electrode_8,16.533333333333335,0,0,0,True,496
A01,control,0.0,13.524999999999999,3.3837335559671033,21.533333333333335,0,0,16,1.0,6492,0.2501836270585659,electrode_9,13.0,0,0,0,True,390
A01,control,0.0,13.524999999999999,3.3837335559671033,21.533333333333335,0,0,16,1.0,6492,0.2501836270585659,electrode_10,9.7,0,0,0,True,291
A01,control,0.0,13.524999999999999,3.3837335559671033,21.533333333333335,0,0,16,1.0,6492,0.2501836270585659,electrode_11,11.1,0,0,0,True,333
A01,control,0.0,13.524999999999999,3.3837335559671033,21.533333333333335,0,0,16,1.0,6492,0.2501836270585659,electrode_12,13.533333333333333,0,0,0,True,406
A01,control,0.0,13.524999999999999,3.3837335559671033,21.533333333333335,0,0,16,1.0,6492,0.2501836270585659,electrode_13,20.966666666666665,0,0,0,True,629
A01,control,0.0,13.524999999999999,3.3837335559671033,21.533333333333335,0,0,16,1.0,6492,0.2501836270585659,electrode_14,12.933333333333334,0,0,0,True,388
A01,control,0.0,13.524999999999999,3.3837335559671033,21.533333333333335,0,0,16,1.0,6492,0.2501836270585659,electrode_15,10.733333333333333,0,0,0,True,322
A02,control,0.0,11.96875,3.05894564147518,16.9,0,0,16,1.0,5745,0.25557770372638583,electrode_0,6.766666666666667,0,0,0,True,203
A02,control,0.0,11.96875,3.05894564147518,16.9,0,0,16,1.0,5745,0.25557770372638583,electrode_1,10.966666666666667,0,0,0,True,329
A02,control,0.0,11.96875,3.05894564147518,16.9,0,0,16,1.0,5745,0.25557770372638583,electrode_2,13.166666666666666,0,0,0,True,395
A02,control,0.0,11.96875,3.05894564147518,16.9,0,0,16,1.0,5745,0.25557770372638583,electrode_3,11.433333333333334,0,0,0,True,343
A02,control,0.0,11.96875,3.05894564147518,16.9,0,0,16,1.0,5745,0.25557770372638583,electrode_4,15.4,0,0,0,True,462
A02,control,0.0,11.96875,3.05894564147518,16.9,0,0,16,1.0,5745,0.25557770372638583,electrode_5,14.033333333333333,0,0,0,True,421
A02,control,0.0,11.96875,3.05894564147518,16.9,0,0,16,1.0,5745,0.25557770372638583,electrode_6,8.166666666666666,0,0,0,True,245
A02,control,0.0,11.96875,3.05894564147518,16.9,0,0,16,1.0,5745,0.25557770372638583,electrode_7,11.466666666666667,0,0,0,True,344
A02,control,0.0,11.96875,3.05894564147518,16.9,0,0,16,1.0,5745,0.25557770372638583,electrode_8,13.4,0,0,0,True,402
A02,control,0.0,11.96875,3.05894564147518,16.9,0,0,16,1.0,5745,0.25557770372638583,electrode_9,16.166666666666668,0,0,0,True,485
A02,control,0.0,11.96875,3.05894564147518,16.9,0,0,16,1.0,5745,0.25557770372638583,electrode_10,10.266666666666667,0,0,0,True,308
A02,control,0.0,11.96875,3.05894564147518,16.9,0,0,16,1.0,5745,0.25557770372638583,electrode_11,8.8,0,0,0,True,264
A02,control,0.0,11.96875,3.05894564147518,16.9,0,0,16,1.0,5745,0.25557770372638583,electrode_12,16.9,0,0,0,True,507
A02,control,0.0,11.96875,3.05894564147518,16.9,0,0,16,1.0,5745,0.25557770372638583,electrode_13,16.066666666666666,0,0,0,True,482
A02,control,0.0,11.96875,3.05894564147518,16.9,0,0,16,1.0,5745,0.25557770372638583,electrode_14,9.833333333333334,0,0,0,True,295
A02,control,0.0,11.96875,3.05894564147518,16.9,0,0,16,1.0,5745,0.25557770372638583,electrode_15,8.666666666666666,0,0,0,True,260
A03,control,0.0,12.154166666666667,2.3405802639991267,18.0,0,0,16,1.0,5834,0.19257431037359973,electrode_0,9.833333333333334,0,0,0,True,295
A03,control,0.0,12.154166666666667,2.3405802639991267,18.0,0,0,16,1.0,5834,0.19257431037359973,electrode_1,12.333333333333334,0,0,0,True,370
A03,control,0.0,12.154166666666667,2.3405802639991267,18.0,0,0,16,1.0,5834,0.19257431037359973,electrode_2,10.3,0,0,0,True,309
A03,control,0.0,12.154166666666667,2.3405802639991267,18.0,0,0,16,1.0,5834,0.19257431037359973,electrode_3,11.9,0,0,0,True,357
A03,control,0.0,12.154166666666667,2.3405802639991267,18.0,0,0,16,1.0,5834,0.19257431037359973,electrode_4,13.866666666666667,0,0,0,True,416
A03,control,0.0,12.154166666666667,2.3405802639991267,18.0,0,0,16,1.0,5834,0.19257431037359973,electrode_5,15.733333333333333,0,0,0,True,472
A03,control,0.0,12.154166666666667,2.3405802639991267,18.0,0,0,16,1.0,5834,0.19257431037359973,electrode_6,9.6,0,0,0,True,288
A03,control,0.0,12.154166666666667,2.3405802639991267,18.0,0,0,16,1.0,5834,0.19257431037359973,electrode_7,10.333333333333334,0,0,0,True,310
A03,control,0.0,12.154166666666667,2.3405802639991267,18.0,0,0,16,1.0,5834,0.19257431037359973,electrode_8,18.0,0,0,0,True,540
A03,control,0.0,12.154166666666667,2.3405802639991267,18.0,0,0,16,1.0,5834,0.19257431037359973,electrode_9,11.8,0,0,0,True,354
A03,control,0.0,12.154166666666667,2.3405802639991267,18.0,0,0,16,1.0,5834,0.19257431037359973,electrode_10,8.333333333333334,0,0,0,True,250
A03,control,0.0,12.154166666666667,2.3405802639991267,18.0,0,0,16,1.0,5834,0.19257431037359973,electrode_11,12.766666666666667,0,0,0,True,383
A03,control,0.0,12.154166666666667,2.3405802639991267,18.0,0,0,16,1.0,5834,0.19257431037359973,electrode_12,12.933333333333334,0,0,0,True,388
A03,control,0.0,12.154166666666667,2.3405802639991267,18.0,0,0,16,1.0,5834,0.19257431037359973,electrode_13,12.4,0,0,0,True,372
A03,control,0.0,12.154166666666667,2.3405802639991267,18.0,0,0,16,1.0,5834,0.19257431037359973,electrode_14,13.433333333333334,0,0,0,True,403
A03,control,0.0,12.154166666666667,2.3405802639991267,18.0,0,0,16,1.0,5834,0.19257431037359973,electrode_15,10.9,0,0,0,True,327
A04,control,0.0,11.633333333333333,3.0075137387697644,18.366666666666667,0,0,16,1.0,5584,0.25852553628393393,electrode_0,8.766666666666667,0,0,0,True,263
A04,control,0.0,11.633333333333333,3.0075137387697644,18.366666666666667,0,0,16,1.0,5584,0.25852553628393393,electrode_1,12.833333333333334,0,0,0,True,385
A04,control,0.0,11.633333333333333,3.0075137387697644,18.366666666666667,0,0,16,1.0,5584,0.25852553628393393,electrode_2,10.8,0,0,0,True,324
A04,control,0.0,11.633333333333333,3.0075137387697644,18.366666666666667,0,0,16,1.0,5584,0.25852553628393393,electrode_3,11.9,0,0,0,True,357
A04,control,0.0,11.633333333333333,3.0075137387697644,18.366666666666667,0,0,16,1.0,5584,0.25852553628393393,electrode_4,14.6,0,0,0,True,438
A04,control,0.0,11.633333333333333,3.0075137387697644,18.366666666666667,0,0,16,1.0,5584,0.25852553628393393,electrode_5,17.333333333333332,0,0,0,True,520
A04,control,0.0,11.633333333333333,3.0075137387697644,18.366666666666667,0,0,16,1.0,5584,0.25852553628393393,electrode_6,13.166666666666666,0,0,0,True,395
A04,control,0.0,11.633333333333333,3.0075137387697644,18.366666666666667,0,0,16,1.0,5584,0.25852553628393393,electrode_7,9.166666666666666,0,0,0,True,275
A04,control,0.0,11.633333333333333,3.0075137387697644,18.366666666666667,0,0,16,1.0,5584,0.25852553628393393,electrode_8,18.366666666666667,0,0,0,True,551
A04,control,0.0,11.633333333333333,3.0075137387697644,18.366666666666667,0,0,16,1.0,5584,0.25852553628393393,electrode_9,11.566666666666666,0,0,0,True,347
A04,control,0.0,11.633333333333333,3.0075137387697644,18.366666666666667,0,0,16,1.0,5584,0.25852553628393393,electrode_10,10.833333333333334,0,0,0,True,325
A04,control,0.0,11.633333333333333,3.0075137387697644,18.366666666666667,0,0,16,1.0,5584,0.25852553628393393,electrode_11,6.733333333333333,0,0,0,True,202
A04,control,0.0,11.633333333333333,3.0075137387697644,18.366666666666667,0,0,16,1.0,5584,0.25852553628393393,electrode_12,11.7,0,0,0,True,351
A04,control,0.0,11.633333333333333,3.0075137387697644,18.366666666666667,0,0,16,1.0,5584,0.25852553628393393,electrode_13,9.266666666666667,0,0,0,True,278
A04,control,0.0,11.633333333333333,3.0075137387697644,18.366666666666667,0,0,16,1.0,5584,0.25852553628393393,electrode_14,9.166666666666666,0,0,0,True,275
A04,control,0.0,11.633333333333333,3.0075137387697644,18.366666666666667,0,0,16,1.0,5584,0.25852553628393393,electrode_15,9.933333333333334,0,0,0,True,298
A05,control,0.0,12.65,3.006982614589656,17.9,0,0,16,1.0,6072,0.23770613554068426,electrode_0,11.966666666666667,0,0,0,True,359
A05,control,0.0,12.65,3.006982614589656,17.9,0,0,16,1.0,6072,0.23770613554068426,electrode_1,13.4,0,0,0,True,402
A05,control,0.0,12.65,3.006982614589656,17.9,0,0,16,1.0,6072,0.23770613554068426,electrode_2,8.2,0,0,0,True,246
A05,control,0.0,12.65,3.006982614589656,17.9,0,0,16,1.0,6072,0.23770613554068426,electrode_3,10.266666666666667,0,0,0,True,308
A05,control,0.0,12.65,3.006982614589656,17.9,0,0,16,1.0,6072,0.23770613554068426,electrode_4,17.066666666666666,0,0,0,True,512
A05,control,0.0,12.65,3.006982614589656,17.9,0,0,16,1.0,6072,0.23770613554068426,electrode_5,13.733333333333333,0,0,0,True,412
A05,control,0.0,12.65,3.006982614589656,17.9,0,0,16,1.0,6072,0.23770613554068426,electrode_6,14.833333333333334,0,0,0,True,445
A05,control,0.0,12.65,3.006982614589656,17.9,0,0,16,1.0,6072,0.23770613554068426,electrode_7,17.9,0,0,0,True,537
A05,control,0.0,12.65,3.006982614589656,17.9,0,0,16,1.0,6072,0.23770613554068426,electrode_8,13.9,0,0,0,True,417
A05,control,0.0,12.65,3.006982614589656,17.9,0,0,16,1.0,6072,0.23770613554068426,electrode_9,14.8,0,0,0,True,444
A05,control,0.0,12.65,3.006982614589656,17.9,0,0,16,1.0,6072,0.23770613554068426,electrode_10,13.466666666666667,0,0,0,True,404
A05,control,0.0,12.65,3.006982614589656,17.9,0,0,16,1.0,6072,0.23770613554068426,electrode_11,8.466666666666667,0,0,0,True,254
A05,control,0.0,12.65,3.006982614589656,17.9,0,0,16,1.0,6072,0.23770613554068426,electrode_12,14.466666666666667,0,0,0,True,434
A05,control,0.0,12.65,3.006982614589656,17.9,0,0,16,1.0,6072,0.23770613554068426,electrode_13,13.2,0,0,0,True,396
A05,control,0.0,12.65,3.006982614589656,17.9,0,0,16,1.0,6072,0.23770613554068426,electrode_14,8.866666666666667,0,0,0,True,266
A05,control,0.0,12.65,3.006982614589656,17.9,0,0,16,1.0,6072,0.23770613554068426,electrode_15,7.866666666666666,0,0,0,True,236
A06,control,0.0,11.6875,4.104060912343069,19.1,0,0,16,1.0,5610,0.3511495967780166,electrode_0,11.466666666666667,0,0,0,True,344
A06,control,0.0,11.6875,4.104060912343069,19.1,0,0,16,1.0,5610,0.3511495967780166,electrode_1,8.2,0,0,0,True,246
A06,control,0.0,11.6875,4.104060912343069,19.1,0,0,16,1.0,5610,0.3511495967780166,electrode_2,12.7,0,0,0,True,381
A06,control,0.0,11.6875,4.104060912343069,19.1,0,0,16,1.0,5610,0.3511495967780166,electrode_3,12.033333333333333,0,0,0,True,361
A06,control,0.0,11.6875,4.104060912343069,19.1,0,0,16,1.0,5610,0.3511495967780166,electrode_4,9.366666666666667,0,0,0,True,281
A06,control,0.0,11.6875,4.104060912343069,19.1,0,0,16,1.0,5610,0.3511495967780166,electrode_5,7.633333333333334,0,0,0,True,229
A06,control,0.0,11.6875,4.104060912343069,19.1,0,0,16,1.0,5610,0.3511495967780166,electrode_6,5.866666666666666,0,0,0,True,176
A06,control,0.0,11.6875,4.104060912343069,19.1,0,0,16,1.0,5610,0.3511495967780166,electrode_7,13.833333333333334,0,0,0,True,415
A06,control,0.0,11.6875,4.104060912343069,19.1,0,0,16,1.0,5610,0.3511495967780166,electrode_8,10.566666666666666,0,0,0,True,317
A06,control,0.0,11.6875,4.104060912343069,19.1,0,0,16,1.0,5610,0.3511495967780166,electrode_9,15.066666666666666,0,0,0,True,452
A06,control,0.0,11.6875,4.104060912343069,19.1,0,0,16,1.0,5610,0.3511495967780166,electrode_10,10.7,0,0,0,True,321
A06,control,0.0,11.6875,4.104060912343069,19.1,0,0,16,1.0,5610,0.3511495967780166,electrode_11,6.133333333333334,0,0,0,True,184
A06,control,0.0,11.6875,4.104060912343069,19.1,0,0,16,1.0,5610,0.3511495967780166,electrode_12,17.466666666666665,0,0,0,True,524
A06,control,0.0,11.6875,4.104060912343069,19.1,0,0,16,1.0,5610,0.3511495967780166,electrode_13,19.1,0,0,0,True,573
A06,control,0.0,11.6875,4.104060912343069,19.1,0,0,16,1.0,5610,0.3511495967780166,electrode_14,18.766666666666666,0,0,0,True,563
A06,control,0.0,11.6875,4.104060912343069,19.1,0,0,16,1.0,5610,0.3511495967780166,electrode_15,8.1,0,0,0,True,243
A07,control,0.0,12.095833333333333,4.1784146880791475,19.066666666666666,0,0,16,1.0,5806,0.34544248196314,electrode_0,7.733333333333333,0,0,0,True,232
A07,control,0.0,12.095833333333333,4.1784146880791475,19.066666666666666,0,0,16,1.0,5806,0.34544248196314,electrode_1,16.366666666666667,0,0,0,True,491
A07,control,0.0,12.095833333333333,4.1784146880791475,19.066666666666666,0,0,16,1.0,5806,0.34544248196314,electrode_2,11.5,0,0,0,True,345
A07,control,0.0,12.095833333333333,4.1784146880791475,19.066666666666666,0,0,16,1.0,5806,0.34544248196314,electrode_3,6.5,0,0,0,True,195
A07,control,0.0,12.095833333333333,4.1784146880791475,19.066666666666666,0,0,16,1.0,5806,0.34544248196314,electrode_4,18.566666666666666,0,0,0,True,557
A07,control,0.0,12.095833333333333,4.1784146880791475,19.066666666666666,0,0,16,1.0,5806,0.34544248196314,electrode_5,7.333333333333333,0,0,0,True,220
A07,control,0.0,12.095833333333333,4.1784146880791475,19.066666666666666,0,0,16,1.0,5806,0.34544248196314,electrode_6,12.866666666666667,0,0,0,True,386
A07,control,0.0,12.095833333333333,4.1784146880791475,19.066666666666666,0,0,16,1.0,5806,0.34544248196314,electrode_7,8.966666666666667,0,0,0,True,269
A07,control,0.0,12.095833333333333,4.1784146880791475,19.066666666666666,0,0,16,1.0,5806,0.34544248196314,electrode_8,16.933333333333334,0,0,0,True,508
A07,control,0.0,12.095833333333333,4.1784146880791475,19.066666666666666,0,0,16,1.0,5806,0.34544248196314,electrode_9,6.533333333333333,0,0,0,True,196
A07,control,0.0,12.095833333333333,4.1784146880791475,19.066666666666666,0,0,16,1.0,5806,0.34544248196314,electrode_10,11.1,0,0,0,True,333
A07,control,0.0,12.095833333333333,4.1784146880791475,19.066666666666666,0,0,16,1.0,5806,0.34544248196314,electrode_11,8.566666666666666,0,0,0,True,257
A07,control,0.0,12.095833333333333,4.1784146880791475,19.066666666666666,0,0,16,1.0,5806,0.34544248196314,electrode_12,19.066666666666666,0,0,0,True,572
A07,control,0.0,12.095833333333333,4.1784146880791475,19.066666666666666,0,0,16,1.0,5806,0.34544248196314,electrode_13,15.866666666666667,0,0,0,True,476
A07,control,0.0,12.095833333333333,4.1784146880791475,19.066666666666666,0,0,16,1.0,5806,0.34544248196314,electrode_14,11.433333333333334,0,0,0,True,343
A07,control,0.0,12.095833333333333,4.1784146880791475,19.066666666666666,0,0,16,1.0,5806,0.34544248196314,electrode_15,14.2,0,0,0,True,426
A08,control,0.0,11.964583333333334,2.3003764411142216,16.466666666666665,0,0,16,1.0,5743,0.1922654869815125,electrode_0,12.866666666666667,0,0,0,True,386
A08,control,0.0,11.964583333333334,2.3003764411142216,16.466666666666665,0,0,16,1.0,5743,0.1922654869815125,electrode_1,9.433333333333334,0,0,0,True,283
A08,control,0.0,11.964583333333334,2.3003764411142216,16.466666666666665,0,0,16,1.0,5743,0.1922654869815125,electrode_2,10.7,0,0,0,True,321
A08,control,0.0,11.964583333333334,2.3003764411142216,16.466666666666665,0,0,16,1.0,5743,0.1922654869815125,electrode_3,11.5,0,0,0,True,345
A08,control,0.0,11.964583333333334,2.3003764411142216,16.466666666666665,0,0,16,1.0,5743,0.1922654869815125,electrode_4,14.933333333333334,0,0,0,True,448
A08,control,0.0,11.964583333333334,2.3003764411142216,16.466666666666665,0,0,16,1.0,5743,0.1922654869815125,electrode_5,12.066666666666666,0,0,0,True,362
A08,control,0.0,11.964583333333334,2.3003764411142216,16.466666666666665,0,0,16,1.0,5743,0.1922654869815125,electrode_6,8.333333333333334,0,0,0,True,250
A08,control,0.0,11.964583333333334,2.3003764411142216,16.466666666666665,0,0,16,1.0,5743,0.1922654869815125,electrode_7,10.066666666666666,0,0,0,True,302
A08,control,0.0,11.964583333333334,2.3003764411142216,16.466666666666665,0,0,16,1.0,5743,0.1922654869815125,electrode_8,15.2,0,0,0,True,456
A08,control,0.0,11.964583333333334,2.3003764411142216,16.466666666666665,0,0,16,1.0,5743,0.1922654869815125,electrode_9,11.666666666666666,0,0,0,True,350
A08,control,0.0,11.964583333333334,2.3003764411142216,16.466666666666665,0,0,16,1.0,5743,0.1922654869815125,electrode_10,16.466666666666665,0,0,0,True,494
A08,control,0.0,11.964583333333334,2.3003764411142216,16.466666666666665,0,0,16,1.0,5743,0.1922654869815125,electrode_11,10.566666666666666,0,0,0,True,317
A08,control,0.0,11.964583333333334,2.3003764411142216,16.466666666666665,0,0,16,1.0,5743,0.1922654869815125,electrode_12,14.833333333333334,0,0,0,True,445
A08,control,0.0,11.964583333333334,2.3003764411142216,16.466666666666665,0,0,16,1.0,5743,0.1922654869815125,electrode_13,12.833333333333334,0,0,0,True,385
A08,control,0.0,11.964583333333334,2.3003764411142216,16.466666666666665,0,0,16,1.0,5743,0.1922654869815125,electrode_14,9.533333333333333,0,0,0,True,286
A08,control,0.0,11.964583333333334,2.3003764411142216,16.466666666666665,0,0,16,1.0,5743,0.1922654869815125,electrode_15,10.433333333333334,0,0,0,True,313
B01,drug_A,0.1,3.122916666666667,0.9953167244372236,6.366666666666666,0,0,16,1.0,1499,0.31871382770504825,electrode_0,2.7,0,0,0,True,81
B01,drug_A,0.1,3.122916666666667,0.9953167244372236,6.366666666666666,0,0,16,1.0,1499,0.31871382770504825,electrode_1,2.6,0,0,0,True,78
B01,drug_A,0.1,3.122916666666667,0.9953167244372236,6.366666666666666,0,0,16,1.0,1499,0.31871382770504825,electrode_2,3.3666666666666667,0,0,0,True,101
B01,drug_A,0.1,3.122916666666667,0.9953167244372236,6.366666666666666,0,0,16,1.0,1499,0.31871382770504825,electrode_3,2.9,0,0,0,True,87
B01,drug_A,0.1,3.122916666666667,0.9953167244372236,6.366666666666666,0,0,16,1.0,1499,0.31871382770504825,electrode_4,6.366666666666666,0,0,0,True,191
B01,drug_A,0.1,3.122916666666667,0.9953167244372236,6.366666666666666,0,0,16,1.0,1499,0.31871382770504825,electrode_5,3.4,0,0,0,True,102
B01,drug_A,0.1,3.122916666666667,0.9953167244372236,6.366666666666666,0,0,16,1.0,1499,0.31871382770504825,electrode_6,3.6333333333333333,0,0,0,True,109
B01,drug_A,0.1,3.122916666666667,0.9953167244372236,6.366666666666666,0,0,16,1.0,1499,0.31871382770504825,electrode_7,2.7333333333333334,0,0,0,True,82
B01,drug_A,0.1,3.122916666666667,0.9953167244372236,6.366666666666666,0,0,16,1.0,1499,0.31871382770504825,electrode_8,3.6,0,0,0,True,108
B01,drug_A,0.1,3.122916666666667,0.9953167244372236,6.366666666666666,0,0,16,1.0,1499,0.31871382770504825,electrode_9,3.2,0,0,0,True,96
B01,drug_A,0.1,3.122916666666667,0.9953167244372236,6.366666666666666,0,0,16,1.0,1499,0.31871382770504825,electrode_10,2.3666666666666667,0,0,0,True,71
B01,drug_A,0.1,3.122916666666667,0.9953167244372236,6.366666666666666,0,0,16,1.0,1499,0.31871382770504825,electrode_11,2.066666666666667,0,0,0,True,62
B01,drug_A,0.1,3.122916666666667,0.9953167244372236,6.366666666666666,0,0,16,1.0,1499,0.31871382770504825,electrode_12,3.8,0,0,0,True,114
B01,drug_A,0.1,3.122916666666667,0.9953167244372236,6.366666666666666,0,0,16,1.0,1499,0.31871382770504825,electrode_13,2.9,0,0,0,True,87
B01,drug_A,0.1,3.122916666666667,0.9953167244372236,6.366666666666666,0,0,16,1.0,1499,0.31871382770504825,electrode_14,2.066666666666667,0,0,0,True,62
B01,drug_A,0.1,3.122916666666667,0.9953167244372236,6.366666666666666,0,0,16,1.0,1499,0.31871382770504825,electrode_15,2.2666666666666666,0,0,0,True,68
B02,drug_A,0.3,3.4729166666666664,0.9255793043338377,4.866666666666666,0,0,16,1.0,1667,0.26651353694075713,electrode_0,1.9,0,0,0,True,57
B02,drug_A,0.3,3.4729166666666664,0.9255793043338377,4.866666666666666,0,0,16,1.0,1667,0.26651353694075713,electrode_1,3.1,0,0,0,True,93
B02,drug_A,0.3,3.4729166666666664,0.9255793043338377,4.866666666666666,0,0,16,1.0,1667,0.26651353694075713,electrode_2,2.6333333333333333,0,0,0,True,79
B02,drug_A,0.3,3.4729166666666664,0.9255793043338377,4.866666666666666,0,0,16,1.0,1667,0.26651353694075713,electrode_3,2.8333333333333335,0,0,0,True,85
B02,drug_A,0.3,3.4729166666666664,0.9255793043338377,4.866666666666666,0,0,16,1.0,1667,0.26651353694075713,electrode_4,4.766666666666667,0,0,0,True,143
B02,drug_A,0.3,3.4729166666666664,0.9255793043338377,4.866666666666666,0,0,16,1.0,1667,0.26651353694075713,electrode_5,4.866666666666666,0,0,0,True,146
B02,drug_A,0.3,3.4729166666666664,0.9255793043338377,4.866666666666666,0,0,16,1.0,1667,0.26651353694075713,electrode_6,2.4,0,0,0,True,72
B02,drug_A,0.3,3.4729166666666664,0.9255793043338377,4.866666666666666,0,0,16,1.0,1667,0.26651353694075713,electrode_7,2.7333333333333334,0,0,0,True,82
B02,drug_A,0.3,3.4729166666666664,0.9255793043338377,4.866666666666666,0,0,16,1.0,1667,0.26651353694075713,electrode_8,4.8,0,0,0,True,144
B02,drug_A,0.3,3.4729166666666664,0.9255793043338377,4.866666666666666,0,0,16,1.0,1667,0.26651353694075713,electrode_9,4.1,0,0,0,True,123
B02,drug_A,0.3,3.4729166666666664,0.9255793043338377,4.866666666666666,0,0,16,1.0,1667,0.26651353694075713,electrode_10,3.2,0,0,0,True,96
B02,drug_A,0.3,3.4729166666666664,0.9255793043338377,4.866666666666666,0,0,16,1.0,1667,0.26651353694075713,electrode_11,2.933333333333333,0,0,0,True,88
B02,drug_A,0.3,3.4729166666666664,0.9255793043338377,4.866666666666666,0,0,16,1.0,1667,0.26651353694075713,electrode_12,2.7666666666666666,0,0,0,True,83
B02,drug_A,0.3,3.4729166666666664,0.9255793043338377,4.866666666666666,0,0,16,1.0,1667,0.26651353694075713,electrode_13,4.0,0,0,0,True,120
B02,drug_A,0.3,3.4729166666666664,0.9255793043338377,4.866666666666666,0,0,16,1.0,1667,0.26651353694075713,electrode_14,4.5,0,0,0,True,135
B02,drug_A,0.3,3.4729166666666664,0.9255793043338377,4.866666666666666,0,0,16,1.0,1667,0.26651353694075713,electrode_15,4.033333333333333,0,0,0,True,121
B03,drug_A,1.0,5.710416666666667,1.5016989799520037,7.866666666666666,0,0,16,1.0,2741,0.26297537773694335,electrode_0,7.833333333333333,0,0,0,True,235
B03,drug_A,1.0,5.710416666666667,1.5016989799520037,7.866666666666666,0,0,16,1.0,2741,0.26297537773694335,electrode_1,5.533333333333333,0,0,0,True,166
B03,drug_A,1.0,5.710416666666667,1.5016989799520037,7.866666666666666,0,0,16,1.0,2741,0.26297537773694335,electrode_2,3.6666666666666665,0,0,0,True,110
B03,drug_A,1.0,5.710416666666667,1.5016989799520037,7.866666666666666,0,0,16,1.0,2741,0.26297537773694335,electrode_3,6.233333333333333,0,0,0,True,187
B03,drug_A,1.0,5.710416666666667,1.5016989799520037,7.866666666666666,0,0,16,1.0,2741,0.26297537773694335,electrode_4,7.366666666666666,0,0,0,True,221
B03,drug_A,1.0,5.710416666666667,1.5016989799520037,7.866666666666666,0,0,16,1.0,2741,0.26297537773694335,electrode_5,6.566666666666666,0,0,0,True,197
B03,drug_A,1.0,5.710416666666667,1.5016989799520037,7.866666666666666,0,0,16,1.0,2741,0.26297537773694335,electrode_6,5.733333333333333,0,0,0,True,172
B03,drug_A,1.0,5.710416666666667,1.5016989799520037,7.866666666666666,0,0,16,1.0,2741,0.26297537773694335,electrode_7,3.3333333333333335,0,0,0,True,100
B03,drug_A,1.0,5.710416666666667,1.5016989799520037,7.866666666666666,0,0,16,1.0,2741,0.26297537773694335,electrode_8,7.3,0,0,0,True,219
B03,drug_A,1.0,5.710416666666667,1.5016989799520037,7.866666666666666,0,0,16,1.0,2741,0.26297537773694335,electrode_9,4.6,0,0,0,True,138
B03,drug_A,1.0,5.710416666666667,1.5016989799520037,7.866666666666666,0,0,16,1.0,2741,0.26297537773694335,electrode_10,6.033333333333333,0,0,0,True,181
B03,drug_A,1.0,5.710416666666667,1.5016989799520037,7.866666666666666,0,0,16,1.0,2741,0.26297537773694335,electrode_11,3.1666666666666665,0,0,0,True,95
B03,drug_A,1.0,5.710416666666667,1.5016989799520037,7.866666666666666,0,0,16,1.0,2741,0.26297537773694335,electrode_12,6.5,0,0,0,True,195
B03,drug_A,1.0,5.710416666666667,1.5016989799520037,7.866666666666666,0,0,16,1.0,2741,0.26297537773694335,electrode_13,7.866666666666666,0,0,0,True,236
B03,drug_A,1.0,5.710416666666667,1.5016989799520037,7.866666666666666,0,0,16,1.0,2741,0.26297537773694335,electrode_14,5.433333333333334,0,0,0,True,163
B03,drug_A,1.0,5.710416666666667,1.5016989799520037,7.866666666666666,0,0,16,1.0,2741,0.26297537773694335,electrode_15,4.2,0,0,0,True,126
B04,drug_A,3.0,13.720833333333331,3.552676514498142,20.133333333333333,0,0,16,1.0,6586,0.2589257101365181,electrode_0,9.433333333333334,0,0,0,True,283
B04,drug_A,3.0,13.720833333333331,3.552676514498142,20.133333333333333,0,0,16,1.0,6586,0.2589257101365181,electrode_1,14.766666666666667,0,0,0,True,443
B04,drug_A,3.0,13.720833333333331,3.552676514498142,20.133333333333333,0,0,16,1.0,6586,0.2589257101365181,electrode_2,15.966666666666667,0,0,0,True,479
B04,drug_A,3.0,13.720833333333331,3.552676514498142,20.133333333333333,0,0,16,1.0,6586,0.2589257101365181,electrode_3,14.6,0,0,0,True,438
B04,drug_A,3.0,13.720833333333331,3.552676514498142,20.133333333333333,0,0,16,1.0,6586,0.2589257101365181,electrode_4,14.2,0,0,0,True,426
B04,drug_A,3.0,13.720833333333331,3.552676514498142,20.133333333333333,0,0,16,1.0,6586,0.2589257101365181,electrode_5,17.733333333333334,0,0,0,True,532
B04,drug_A,3.0,13.720833333333331,3.552676514498142,20.133333333333333,0,0,16,1.0,6586,0.2589257101365181,electrode_6,17.133333333333333,0,0,0,True,514
B04,drug_A,3.0,13.720833333333331,3.552676514498142,20.133333333333333,0,0,16,1.0,6586,0.2589257101365181,electrode_7,9.1,0,0,0,True,273
B04,drug_A,3.0,13.720833333333331,3.552676514498142,20.133333333333333,0,0,16,1.0,6586,0.2589257101365181,electrode_8,14.466666666666667,0,0,0,True,434
B04,drug_A,3.0,13.720833333333331,3.552676514498142,20.133333333333333,0,0,16,1.0,6586,0.2589257101365181,electrode_9,14.0,0,0,0,True,420
B04,drug_A,3.0,13.720833333333331,3.552676514498142,20.133333333333333,0,0,16,1.0,6586,0.2589257101365181,electrode_10,9.566666666666666,0,0,0,True,287
B04,drug_A,3.0,13.720833333333331,3.552676514498142,20.133333333333333,0,0,16,1.0,6586,0.2589257101365181,electrode_11,11.566666666666666,0,0,0,True,347
B04,drug_A,3.0,13.720833333333331,3.552676514498142,20.133333333333333,0,0,16,1.0,6586,0.2589257101365181,electrode_12,20.133333333333333,0,0,0,True,604
B04,drug_A,3.0,13.720833333333331,3.552676514498142,20.133333333333333,0,0,16,1.0,6586,0.2589257101365181,electrode_13,18.266666666666666,0,0,0,True,548
B04,drug_A,3.0,13.720833333333331,3.552676514498142,20.133333333333333,0,0,16,1.0,6586,0.2589257101365181,electrode_14,10.7,0,0,0,True,321
B04,drug_A,3.0,13.720833333333331,3.552676514498142,20.133333333333333,0,0,16,1.0,6586,0.2589257101365181,electrode_15,7.9,0,0,0,True,237
B05,drug_A,10.0,84.35208333333334,16.09519410996649,114.53333333333333,0,0,16,1.0,40489,0.19080968096974274,electrode_0,85.83333333333333,0,0,0,True,2575
B05,drug_A,10.0,84.35208333333334,16.09519410996649,114.53333333333333,0,0,16,1.0,40489,0.19080968096974274,electrode_1,66.96666666666667,0,0,0,True,2009
B05,drug_A,10.0,84.35208333333334,16.09519410996649,114.53333333333333,0,0,16,1.0,40489,0.19080968096974274,electrode_2,81.86666666666666,0,0,0,True,2456
B05,drug_A,10.0,84.35208333333334,16.09519410996649,114.53333333333333,0,0,16,1.0,40489,0.19080968096974274,electrode_3,90.53333333333333,0,0,0,True,2716
B05,drug_A,10.0,84.35208333333334,16.09519410996649,114.53333333333333,0,0,16,1.0,40489,0.19080968096974274,electrode_4,107.73333333333333,0,0,0,True,3232
B05,drug_A,10.0,84.35208333333334,16.09519410996649,114.53333333333333,0,0,16,1.0,40489,0.19080968096974274,electrode_5,83.06666666666666,0,0,0,True,2492
B05,drug_A,10.0,84.35208333333334,16.09519410996649,114.53333333333333,0,0,16,1.0,40489,0.19080968096974274,electrode_6,67.33333333333333,0,0,0,True,2020
B05,drug_A,10.0,84.35208333333334,16.09519410996649,114.53333333333333,0,0,16,1.0,40489,0.19080968096974274,electrode_7,61.86666666666667,0,0,0,True,1856
B05,drug_A,10.0,84.35208333333334,16.09519410996649,114.53333333333333,0,0,16,1.0,40489,0.19080968096974274,electrode_8,114.53333333333333,0,0,0,True,3436
B05,drug_A,10.0,84.35208333333334,16.09519410996649,114.53333333333333,0,0,16,1.0,40489,0.19080968096974274,electrode_9,102.9,0,0,0,True,3087
B05,drug_A,10.0,84.35208333333334,16.09519410996649,114.53333333333333,0,0,16,1.0,40489,0.19080968096974274,electrode_10,75.43333333333334,0,0,0,True,2263
B05,drug_A,10.0,84.35208333333334,16.09519410996649,114.53333333333333,0,0,16,1.0,40489,0.19080968096974274,electrode_11,59.666666666666664,0,0,0,True,1790
B05,drug_A,10.0,84.35208333333334,16.09519410996649,114.53333333333333,0,0,16,1.0,40489,0.19080968096974274,electrode_12,97.8,0,0,0,True,2934
B05,drug_A,10.0,84.35208333333334,16.09519410996649,114.53333333333333,0,0,16,1.0,40489,0.19080968096974274,electrode_13,99.46666666666667,0,0,0,True,2984
B05,drug_A,10.0,84.35208333333334,16.09519410996649,114.53333333333333,0,0,16,1.0,40489,0.19080968096974274,electrode_14,76.9,0,0,0,True,2307
B05,drug_A,10.0,84.35208333333334,16.09519410996649,114.53333333333333,0,0,16,1.0,40489,0.19080968096974274,electrode_15,77.73333333333333,0,0,0,True,2332
B06,drug_A,30.0,386.85625,42.92884894856385,468.73333333333335,0,0,16,1.0,185691,0.11096847717611864,electrode_0,367.6666666666667,0,0,0,True,11030
B06,drug_A,30.0,386.85625,42.92884894856385,468.73333333333335,0,0,16,1.0,185691,0.11096847717611864,electrode_1,375.2,0,0,0,True,11256
B06,drug_A,30.0,386.85625,42.92884894856385,468.73333333333335,0,0,16,1.0,185691,0.11096847717611864,electrode_2,361.43333333333334,0,0,0,True,10843
B06,drug_A,30.0,386.85625,42.92884894856385,468.73333333333335,0,0,16,1.0,185691,0.11096847717611864,electrode_3,369.3333333333333,0,0,0,True,11080
B06,drug_A,30.0,386.85625,42.92884894856385,468.73333333333335,0,0,16,1.0,185691,0.11096847717611864,electrode_4,435.93333333333334,0,0,0,True,13078
B06,drug_A,30.0,386.85625,42.92884894856385,468.73333333333335,0,0,16,1.0,185691,0.11096847717611864,electrode_5,407.0,0,0,0,True,12210
B06,drug_A,30.0,386.85625,42.92884894856385,468.73333333333335,0,0,16,1.0,185691,0.11096847717611864,electrode_6,371.96666666666664,0,0,0,True,11159
B06,drug_A,30.0,386.85625,42.92884894856385,468.73333333333335,0,0,16,1.0,185691,0.11096847717611864,electrode_7,323.26666666666665,0,0,0,True,9698
B06,drug_A,30.0,386.85625,42.92884894856385,468.73333333333335,0,0,16,1.0,185691,0.11096847717611864,electrode_8,468.73333333333335,0,0,0,True,14062
B06,drug_A,30.0,386.85625,42.92884894856385,468.73333333333335,0,0,16,1.0,185691,0.11096847717611864,electrode_9,455.0,0,0,0,True,13650
B06,drug_A,30.0,386.85625,42.92884894856385,468.73333333333335,0,0,16,1.0,185691,0.11096847717611864,electrode_10,378.46666666666664,0,0,0,True,11354
B06,drug_A,30.0,386.85625,42.92884894856385,468.73333333333335,0,0,16,1.0,185691,0.11096847717611864,electrode_11,323.1,0,0,0,True,9693
B06,drug_A,30.0,386.85625,42.92884894856385,468.73333333333335,0,0,16,1.0,185691,0.11096847717611864,electrode_12,416.8,0,0,0,True,12504
B06,drug_A,30.0,386.85625,42.92884894856385,468.73333333333335,0,0,16,1.0,185691,0.11096847717611864,electrode_13,428.9,0,0,0,True,12867
B06,drug_A,30.0,386.85625,42.92884894856385,468.73333333333335,0,0,16,1.0,185691,0.11096847717611864,electrode_14,370.3333333333333,0,0,0,True,11110
B06,drug_A,30.0,386.85625,42.92884894856385,468.73333333333335,0,0,16,1.0,185691,0.11096847717611864,electrode_15,336.56666666666666,0,0,0,True,10097
B07,drug_A,100.0,1321.58125,118.0362761851615,1545.6666666666667,0,0,16,1.0,634359,0.08931443010799488,electrode_0,1283.4666666666667,0,0,0,True,38504
B07,drug_A,100.0,1321.58125,118.0362761851615,1545.6666666666667,0,0,16,1.0,634359,0.08931443010799488,electrode_1,1263.0,0,0,0,True,37890
B07,drug_A,100.0,1321.58125,118.0362761851615,1545.6666666666667,0,0,16,1.0,634359,0.08931443010799488,electrode_2,1343.7,0,0,0,True,40311
B07,drug_A,100.0,1321.58125,118.0362761851615,1545.6666666666667,0,0,16,1.0,634359,0.08931443010799488,electrode_3,1305.4,0,0,0,True,39162
B07,drug_A,100.0,1321.58125,118.0362761851615,1545.6666666666667,0,0,16,1.0,634359,0.08931443010799488,electrode_4,1419.6333333333334,0,0,0,True,42589
B07,drug_A,100.0,1321.58125,118.0362761851615,1545.6666666666667,0,0,16,1.0,634359,0.08931443010799488,electrode_5,1300.4,0,0,0,True,39012
B07,drug_A,100.0,1321.58125,118.0362761851615,1545.6666666666667,0,0,16,1.0,634359,0.08931443010799488,electrode_6,1337.5,0,0,0,True,40125
B07,drug_A,100.0,1321.58125,118.0362761851615,1545.6666666666667,0,0,16,1.0,634359,0.08931443010799488,electrode_7,1142.6333333333334,0,0,0,True,34279
B07,drug_A,100.0,1321.58125,118.0362761851615,1545.6666666666667,0,0,16,1.0,634359,0.08931443010799488,electrode_8,1545.6666666666667,0,0,0,True,46370
B07,drug_A,100.0,1321.58125,118.0362761851615,1545.6666666666667,0,0,16,1.0,634359,0.08931443010799488,electrode_9,1452.5333333333333,0,0,0,True,43576
B07,drug_A,100.0,1321.58125,118.0362761851615,1545.6666666666667,0,0,16,1.0,634359,0.08931443010799488,electrode_10,1317.9,0,0,0,True,39537
B07,drug_A,100.0,1321.58125,118.0362761851615,1545.6666666666667,0,0,16,1.0,634359,0.08931443010799488,electrode_11,1115.6666666666667,0,0,0,True,33470
B07,drug_A,100.0,1321.58125,118.0362761851615,1545.6666666666667,0,0,16,1.0,634359,0.08931443010799488,electrode_12,1493.4333333333334,0,0,0,True,44803
B07,drug_A,100.0,1321.58125,118.0362761851615,1545.6666666666667,0,0,16,1.0,634359,0.08931443010799488,electrode_13,1369.5666666666666,0,0,0,True,41087
B07,drug_A,100.0,1321.58125,118.0362761851615,1545.6666666666667,0,0,16,1.0,634359,0.08931443010799488,electrode_14,1315.7,0,0,0,True,39471
B07,drug_A,100.0,1321.58125,118.0362761851615,1545.6666666666667,0,0,16,1.0,634359,0.08931443010799488,electrode_15,1139.1,0,0,0,True,34173
B08,drug_A,300.0,3550.5791666666664,397.17220356942704,4209.4,0,0,16,1.0,1704278,0.11186124430012298,electrode_0,3400.0666666666666,0,0,0,True,102002
B08,drug_A,300.0,3550.5791666666664,397.17220356942704,4209.4,0,0,16,1.0,1704278,0.11186124430012298,electrode_1,3597.9333333333334,0,0,0,True,107938
B08,drug_A,300.0,3550.5791666666664,397.17220356942704,4209.4,0,0,16,1.0,1704278,0.11186124430012298,electrode_2,3297.3,0,0,0,True,98919
B08,drug_A,300.0,3550.5791666666664,397.17220356942704,4209.4,0,0,16,1.0,1704278,0.11186124430012298,electrode_3,3443.3333333333335,0,0,0,True,103300
B08,drug_A,300.0,3550.5791666666664,397.17220356942704,4209.4,0,0,16,1.0,1704278,0.11186124430012298,electrode_4,4209.4,0,0,0,True,126282
B08,drug_A,300.0,3550.5791666666664,397.17220356942704,4209.4,0,0,16,1.0,1704278,0.11186124430012298,electrode_5,3787.5666666666666,0,0,0,True,113627
B08,drug_A,300.0,3550.5791666666664,397.17220356942704,4209.4,0,0,16,1.0,1704278,0.11186124430012298,electrode_6,3563.6666666666665,0,0,0,True,106910
B08,drug_A,300.0,3550.5791666666664,397.17220356942704,4209.4,0,0,16,1.0,1704278,0.11186124430012298,electrode_7,2873.9666666666667,0,0,0,True,86219
B08,drug_A,300.0,3550.5791666666664,397.17220356942704,4209.4,0,0,16,1.0,1704278,0.11186124430012298,electrode_8,4140.166666666667,0,0,0,True,124205
B08,drug_A,300.0,3550.5791666666664,397.17220356942704,4209.4,0,0,16,1.0,1704278,0.11186124430012298,electrode_9,3865.3,0,0,0,True,115959
B08,drug_A,300.0,3550.5791666666664,397.17220356942704,4209.4,0,0,16,1.0,1704278,0.11186124430012298,electrode_10,3437.0666666666666,0,0,0,True,103112
B08,drug_A,300.0,3550.5791666666664,397.17220356942704,4209.4,0,0,16,1.0,1704278,0.11186124430012298,electrode_11,2796.366666666667,0,0,0,True,83891
B08,drug_A,300.0,3550.5791666666664,397.17220356942704,4209.4,0,0,16,1.0,1704278,0.11186124430012298,electrode_12,3995.2,0,0,0,True,119856
B08,drug_A,300.0,3550.5791666666664,397.17220356942704,4209.4,0,0,16,1.0,1704278,0.11186124430012298,electrode_13,3749.766666666667,0,0,0,True,112493
B08,drug_A,300.0,3550.5791666666664,397.17220356942704,4209.4,0,0,16,1.0,1704278,0.11186124430012298,electrode_14,3559.1666666666665,0,0,0,True,106775
B08,drug_A,300.0,3550.5791666666664,397.17220356942704,4209.4,0,0,16,1.0,1704278,0.11186124430012298,electrode_15,3093.0,0,0,0,True,92790
C01,drug_B,0.01,15.9125,2.9379668659730585,23.0,0,0,16,1.0,7638,0.18463263886712072,electrode_0,13.3,0,0,0,True,399
C01,drug_B,0.01,15.9125,2.9379668659730585,23.0,0,0,16,1.0,7638,0.18463263886712072,electrode_1,13.2,0,0,0,True,396
C01,drug_B,0.01,15.9125,2.9379668659730585,23.0,0,0,16,1.0,7638,0.18463263886712072,electrode_2,15.666666666666666,0,0,0,True,470
C01,drug_B,0.01,15.9125,2.9379668659730585,23.0,0,0,16,1.0,7638,0.18463263886712072,electrode_3,14.233333333333333,0,0,0,True,427
C01,drug_B,0.01,15.9125,2.9379668659730585,23.0,0,0,16,1.0,7638,0.18463263886712072,electrode_4,15.333333333333334,0,0,0,True,460
C01,drug_B,0.01,15.9125,2.9379668659730585,23.0,0,0,16,1.0,7638,0.18463263886712072,electrode_5,16.233333333333334,0,0,0,True,487
C01,drug_B,0.01,15.9125,2.9379668659730585,23.0,0,0,16,1.0,7638,0.18463263886712072,electrode_6,16.066666666666666,0,0,0,True,482
C01,drug_B,0.01,15.9125,2.9379668659730585,23.0,0,0,16,1.0,7638,0.18463263886712072,electrode_7,12.666666666666666,0,0,0,True,380
C01,drug_B,0.01,15.9125,2.9379668659730585,23.0,0,0,16,1.0,7638,0.18463263886712072,electrode_8,20.266666666666666,0,0,0,True,608
C01,drug_B,0.01,15.9125,2.9379668659730585,23.0,0,0,16,1.0,7638,0.18463263886712072,electrode_9,23.0,0,0,0,True,690
C01,drug_B,0.01,15.9125,2.9379668659730585,23.0,0,0,16,1.0,7638,0.18463263886712072,electrode_10,13.7,0,0,0,True,411
C01,drug_B,0.01,15.9125,2.9379668659730585,23.0,0,0,16,1.0,7638,0.18463263886712072,electrode_11,13.5,0,0,0,True,405
C01,drug_B,0.01,15.9125,2.9379668659730585,23.0,0,0,16,1.0,7638,0.18463263886712072,electrode_12,18.333333333333332,0,0,0,True,550
C01,drug_B,0.01,15.9125,2.9379668659730585,23.0,0,0,16,1.0,7638,0.18463263886712072,electrode_13,17.666666666666668,0,0,0,True,530
C01,drug_B,0.01,15.9125,2.9379668659730585,23.0,0,0,16,1.0,7638,0.18463263886712072,electrode_14,18.966666666666665,0,0,0,True,569
C01,drug_B,0.01,15.9125,2.9379668659730585,23.0,0,0,16,1.0,7638,0.18463263886712072,electrode_15,12.466666666666667,0,0,0,True,374
C02,drug_B,0.03,19.15625,4.327619931421119,24.533333333333335,0,0,16,1.0,9195,0.2259116440546098,electrode_0,17.9,0,0,0,True,537
C02,drug_B,0.03,19.15625,4.327619931421119,24.533333333333335,0,0,16,1.0,9195,0.2259116440546098,electrode_1,16.866666666666667,0,0,0,True,506
C02,drug_B,0.03,19.15625,4.327619931421119,24.533333333333335,0,0,16,1.0,9195,0.2259116440546098,electrode_2,23.333333333333332,0,0,0,True,700
C02,drug_B,0.03,19.15625,4.327619931421119,24.533333333333335,0,0,16,1.0,9195,0.2259116440546098,electrode_3,15.133333333333333,0,0,0,True,454
C02,drug_B,0.03,19.15625,4.327619931421119,24.533333333333335,0,0,16,1.0,9195,0.2259116440546098,electrode_4,23.533333333333335,0,0,0,True,706
C02,drug_B,0.03,19.15625,4.327619931421119,24.533333333333335,0,0,16,1.0,9195,0.2259116440546098,electrode_5,13.233333333333333,0,0,0,True,397
C02,drug_B,0.03,19.15625,4.327619931421119,24.533333333333335,0,0,16,1.0,9195,0.2259116440546098,electrode_6,24.466666666666665,0,0,0,True,734
C02,drug_B,0.03,19.15625,4.327619931421119,24.533333333333335,0,0,16,1.0,9195,0.2259116440546098,electrode_7,11.133333333333333,0,0,0,True,334
C02,drug_B,0.03,19.15625,4.327619931421119,24.533333333333335,0,0,16,1.0,9195,0.2259116440546098,electrode_8,19.0,0,0,0,True,570
C02,drug_B,0.03,19.15625,4.327619931421119,24.533333333333335,0,0,16,1.0,9195,0.2259116440546098,electrode_9,24.466666666666665,0,0,0,True,734
C02,drug_B,0.03,19.15625,4.327619931421119,24.533333333333335,0,0,16,1.0,9195,0.2259116440546098,electrode_10,18.833333333333332,0,0,0,True,565
C02,drug_B,0.03,19.15625,4.327619931421119,24.533333333333335,0,0,16,1.0,9195,0.2259116440546098,electrode_11,13.7,0,0,0,True,411
C02,drug_B,0.03,19.15625,4.327619931421119,24.533333333333335,0,0,16,1.0,9195,0.2259116440546098,electrode_12,17.033333333333335,0,0,0,True,511
C02,drug_B,0.03,19.15625,4.327619931421119,24.533333333333335,0,0,16,1.0,9195,0.2259116440546098,electrode_13,23.7,0,0,0,True,711
C02,drug_B,0.03,19.15625,4.327619931421119,24.533333333333335,0,0,16,1.0,9195,0.2259116440546098,electrode_14,24.533333333333335,0,0,0,True,736
C02,drug_B,0.03,19.15625,4.327619931421119,24.533333333333335,0,0,16,1.0,9195,0.2259116440546098,electrode_15,19.633333333333333,0,0,0,True,589
C03,drug_B,0.1,17.964583333333334,3.52085983717835,26.266666666666666,0,0,16,1.0,8623,0.19598895069530417,electrode_0,15.7,0,0,0,True,471
C03,drug_B,0.1,17.964583333333334,3.52085983717835,26.266666666666666,0,0,16,1.0,8623,0.19598895069530417,electrode_1,20.233333333333334,0,0,0,True,607
C03,drug_B,0.1,17.964583333333334,3.52085983717835,26.266666666666666,0,0,16,1.0,8623,0.19598895069530417,electrode_2,19.633333333333333,0,0,0,True,589
C03,drug_B,0.1,17.964583333333334,3.52085983717835,26.266666666666666,0,0,16,1.0,8623,0.19598895069530417,electrode_3,11.866666666666667,0,0,0,True,356
C03,drug_B,0.1,17.964583333333334,3.52085983717835,26.266666666666666,0,0,16,1.0,8623,0.19598895069530417,electrode_4,16.2,0,0,0,True,486
C03,drug_B,0.1,17.964583333333334,3.52085983717835,26.266666666666666,0,0,16,1.0,8623,0.19598895069530417,electrode_5,18.066666666666666,0,0,0,True,542
C03,drug_B,0.1,17.964583333333334,3.52085983717835,26.266666666666666,0,0,16,1.0,8623,0.19598895069530417,electrode_6,16.866666666666667,0,0,0,True,506
C03,drug_B,0.1,17.964583333333334,3.52085983717835,26.266666666666666,0,0,16,1.0,8623,0.19598895069530417,electrode_7,19.866666666666667,0,0,0,True,596
C03,drug_B,0.1,17.964583333333334,3.52085983717835,26.266666666666666,0,0,16,1.0,8623,0.19598895069530417,electrode_8,26.266666666666666,0,0,0,True,788
C03,drug_B,0.1,17.964583333333334,3.52085983717835,26.266666666666666,0,0,16,1.0,8623,0.19598895069530417,electrode_9,19.633333333333333,0,0,0,True,589
C03,drug_B,0.1,17.964583333333334,3.52085983717835,26.266666666666666,0,0,16,1.0,8623,0.19598895069530417,electrode_10,11.7,0,0,0,True,351
C03,drug_B,0.1,17.964583333333334,3.52085983717835,26.266666666666666,0,0,16,1.0,8623,0.19598895069530417,electrode_11,18.366666666666667,0,0,0,True,551
C03,drug_B,0.1,17.964583333333334,3.52085983717835,26.266666666666666,0,0,16,1.0,8623,0.19598895069530417,electrode_12,20.133333333333333,0,0,0,True,604
C03,drug_B,0.1,17.964583333333334,3.52085983717835,26.266666666666666,0,0,16,1.0,8623,0.19598895069530417,electrode_13,17.1,0,0,0,True,513
C03,drug_B,0.1,17.964583333333334,3.52085983717835,26.266666666666666,0,0,16,1.0,8623,0.19598895069530417,electrode_14,21.333333333333332,0,0,0,True,640
C03,drug_B,0.1,17.964583333333334,3.52085983717835,26.266666666666666,0,0,16,1.0,8623,0.19598895069530417,electrode_15,14.466666666666667,0,0,0,True,434
C04,drug_B,0.3,23.90833333333333,4.632186608695485,31.9,0,0,16,1.0,11476,0.1937477842605292,electrode_0,24.333333333333332,0,0,0,True,730
C04,drug_B,0.3,23.90833333333333,4.632186608695485,31.9,0,0,16,1.0,11476,0.1937477842605292,electrode_1,29.366666666666667,0,0,0,True,881
C04,drug_B,0.3,23.90833333333333,4.632186608695485,31.9,0,0,16,1.0,11476,0.1937477842605292,electrode_2,17.4,0,0,0,True,522
C04,drug_B,0.3,23.90833333333333,4.632186608695485,31.9,0,0,16,1.0,11476,0.1937477842605292,electrode_3,26.2,0,0,0,True,786
C04,drug_B,0.3,23.90833333333333,4.632186608695485,31.9,0,0,16,1.0,11476,0.1937477842605292,electrode_4,24.4,0,0,0,True,732
C04,drug_B,0.3,23.90833333333333,4.632186608695485,31.9,0,0,16,1.0,11476,0.1937477842605292,electrode_5,31.666666666666668,0,0,0,True,950
C04,drug_B,0.3,23.90833333333333,4.632186608695485,31.9,0,0,16,1.0,11476,0.1937477842605292,electrode_6,24.033333333333335,0,0,0,True,721
C04,drug_B,0.3,23.90833333333333,4.632186608695485,31.9,0,0,16,1.0,11476,0.1937477842605292,electrode_7,19.1,0,0,0,True,573
C04,drug_B,0.3,23.90833333333333,4.632186608695485,31.9,0,0,16,1.0,11476,0.1937477842605292,electrode_8,31.9,0,0,0,True,957
C04,drug_B,0.3,23.90833333333333,4.632186608695485,31.9,0,0,16,1.0,11476,0.1937477842605292,electrode_9,26.033333333333335,0,0,0,True,781
C04,drug_B,0.3,23.90833333333333,4.632186608695485,31.9,0,0,16,1.0,11476,0.1937477842605292,electrode_10,23.2,0,0,0,True,696
C04,drug_B,0.3,23.90833333333333,4.632186608695485,31.9,0,0,16,1.0,11476,0.1937477842605292,electrode_11,15.5,0,0,0,True,465
C04,drug_B,0.3,23.90833333333333,4.632186608695485,31.9,0,0,16,1.0,11476,0.1937477842605292,electrode_12,23.633333333333333,0,0,0,True,709
C04,drug_B,0.3,23.90833333333333,4.632186608695485,31.9,0,0,16,1.0,11476,0.1937477842605292,electrode_13,26.433333333333334,0,0,0,True,793
C04,drug_B,0.3,23.90833333333333,4.632186608695485,31.9,0,0,16,1.0,11476,0.1937477842605292,electrode_14,19.933333333333334,0,0,0,True,598
C04,drug_B,0.3,23.90833333333333,4.632186608695485,31.9,0,0,16,1.0,11476,0.1937477842605292,electrode_15,19.4,0,0,0,True,582
C05,drug_B,1.0,38.86666666666667,8.830022964610881,55.5,0,0,16,1.0,18656,0.22718755483561445,electrode_0,32.36666666666667,0,0,0,True,971
C05,drug_B,1.0,38.86666666666667,8.830022964610881,55.5,0,0,16,1.0,18656,0.22718755483561445,electrode_1,32.0,0,0,0,True,960
C05,drug_B,1.0,38.86666666666667,8.830022964610881,55.5,0,0,16,1.0,18656,0.22718755483561445,electrode_2,33.733333333333334,0,0,0,True,1012
C05,drug_B,1.0,38.86666666666667,8.830022964610881,55.5,0,0,16,1.0,18656,0.22718755483561445,electrode_3,27.766666666666666,0,0,0,True,833
C05,drug_B,1.0,38.86666666666667,8.830022964610881,55.5,0,0,16,1.0,18656,0.22718755483561445,electrode_4,46.266666666666666,0,0,0,True,1388
C05,drug_B,1.0,38.86666666666667,8.830022964610881,55.5,0,0,16,1.0,18656,0.22718755483561445,electrode_5,49.06666666666667,0,0,0,True,1472
C05,drug_B,1.0,38.86666666666667,8.830022964610881,55.5,0,0,16,1.0,18656,0.22718755483561445,electrode_6,33.0,0,0,0,True,990
C05,drug_B,1.0,38.86666666666667,8.830022964610881,55.5,0,0,16,1.0,18656,0.22718755483561445,electrode_7,29.3,0,0,0,True,879
C05,drug_B,1.0,38.86666666666667,8.830022964610881,55.5,0,0,16,1.0,18656,0.22718755483561445,electrode_8,52.53333333333333,0,0,0,True,1576
C05,drug_B,1.0,38.86666666666667,8.830022964610881,55.5,0,0,16,1.0,18656,0.22718755483561445,electrode_9,41.86666666666667,0,0,0,True,1256
C05,drug_B,1.0,38.86666666666667,8.830022964610881,55.5,0,0,16,1.0,18656,0.22718755483561445,electrode_10,45.4,0,0,0,True,1362
C05,drug_B,1.0,38.86666666666667,8.830022964610881,55.5,0,0,16,1.0,18656,0.22718755483561445,electrode_11,30.0,0,0,0,True,900
C05,drug_B,1.0,38.86666666666667,8.830022964610881,55.5,0,0,16,1.0,18656,0.22718755483561445,electrode_12,55.5,0,0,0,True,1665
C05,drug_B,1.0,38.86666666666667,8.830022964610881,55.5,0,0,16,1.0,18656,0.22718755483561445,electrode_13,46.833333333333336,0,0,0,True,1405
C05,drug_B,1.0,38.86666666666667,8.830022964610881,55.5,0,0,16,1.0,18656,0.22718755483561445,electrode_14,33.6,0,0,0,True,1008
C05,drug_B,1.0,38.86666666666667,8.830022964610881,55.5,0,0,16,1.0,18656,0.22718755483561445,electrode_15,32.63333333333333,0,0,0,True,979
C06,drug_B,3.0,104.90208333333334,16.357140255142063,133.6,0,0,16,1.0,50353,0.15592769690918495,electrode_0,98.06666666666666,0,0,0,True,2942
C06,drug_B,3.0,104.90208333333334,16.357140255142063,133.6,0,0,16,1.0,50353,0.15592769690918495,electrode_1,87.13333333333334,0,0,0,True,2614
C06,drug_B,3.0,104.90208333333334,16.357140255142063,133.6,0,0,16,1.0,50353,0.15592769690918495,electrode_2,94.96666666666667,0,0,0,True,2849
C06,drug_B,3.0,104.90208333333334,16.357140255142063,133.6,0,0,16,1.0,50353,0.15592769690918495,electrode_3,103.8,0,0,0,True,3114
C06,drug_B,3.0,104.90208333333334,16.357140255142063,133.6,0,0,16,1.0,50353,0.15592769690918495,electrode_4,111.03333333333333,0,0,0,True,3331
C06,drug_B,3.0,104.90208333333334,16.357140255142063,133.6,0,0,16,1.0,50353,0.15592769690918495,electrode_5,133.6,0,0,0,True,4008
C06,drug_B,3.0,104.90208333333334,16.357140255142063,133.6,0,0,16,1.0,50353,0.15592769690918495,electrode_6,98.96666666666667,0,0,0,True,2969
C06,drug_B,3.0,104.90208333333334,16.357140255142063,133.6,0,0,16,1.0,50353,0.15592769690918495,electrode_7,92.06666666666666,0,0,0,True,2762
C06,drug_B,3.0,104.90208333333334,16.357140255142063,133.6,0,0,16,1.0,50353,0.15592769690918495,electrode_8,125.83333333333333,0,0,0,True,3775
C06,drug_B,3.0,104.90208333333334,16.357140255142063,133.6,0,0,16,1.0,50353,0.15592769690918495,electrode_9,127.66666666666667,0,0,0,True,3830
C06,drug_B,3.0,104.90208333333334,16.357140255142063,133.6,0,0,16,1.0,50353,0.15592769690918495,electrode_10,118.23333333333333,0,0,0,True,3547
C06,drug_B,3.0,104.90208333333334,16.357140255142063,133.6,0,0,16,1.0,50353,0.15592769690918495,electrode_11,82.43333333333334,0,0,0,True,2473
C06,drug_B,3.0,104.90208333333334,16.357140255142063,133.6,0,0,16,1.0,50353,0.15592769690918495,electrode_12,115.9,0,0,0,True,3477
C06,drug_B,3.0,104.90208333333334,16.357140255142063,133.6,0,0,16,1.0,50353,0.15592769690918495,electrode_13,116.96666666666667,0,0,0,True,3509
C06,drug_B,3.0,104.90208333333334,16.357140255142063,133.6,0,0,16,1.0,50353,0.15592769690918495,electrode_14,93.9,0,0,0,True,2817
C06,drug_B,3.0,104.90208333333334,16.357140255142063,133.6,0,0,16,1.0,50353,0.15592769690918495,electrode_15,77.86666666666666,0,0,0,True,2336
C07,drug_B,10.0,382.83333333333337,40.132997645329205,462.9,0,0,16,1.0,183760,0.1048315132224533,electrode_0,375.6,0,0,0,True,11268
C07,drug_B,10.0,382.83333333333337,40.132997645329205,462.9,0,0,16,1.0,183760,0.1048315132224533,electrode_1,347.8,0,0,0,True,10434
C07,drug_B,10.0,382.83333333333337,40.132997645329205,462.9,0,0,16,1.0,183760,0.1048315132224533,electrode_2,348.73333333333335,0,0,0,True,10462
C07,drug_B,10.0,382.83333333333337,40.132997645329205,462.9,0,0,16,1.0,183760,0.1048315132224533,electrode_3,376.8333333333333,0,0,0,True,11305
C07,drug_B,10.0,382.83333333333337,40.132997645329205,462.9,0,0,16,1.0,183760,0.1048315132224533,electrode_4,418.6666666666667,0,0,0,True,12560
C07,drug_B,10.0,382.83333333333337,40.132997645329205,462.9,0,0,16,1.0,183760,0.1048315132224533,electrode_5,415.8,0,0,0,True,12474
C07,drug_B,10.0,382.83333333333337,40.132997645329205,462.9,0,0,16,1.0,183760,0.1048315132224533,electrode_6,363.4,0,0,0,True,10902
C07,drug_B,10.0,382.83333333333337,40.132997645329205,462.9,0,0,16,1.0,183760,0.1048315132224533,electrode_7,349.1,0,0,0,True,10473
C07,drug_B,10.0,382.83333333333337,40.132997645329205,462.9,0,0,16,1.0,183760,0.1048315132224533,electrode_8,462.9,0,0,0,True,13887
C07,drug_B,10.0,382.83333333333337,40.132997645329205,462.9,0,0,16,1.0,183760,0.1048315132224533,electrode_9,426.76666666666665,0,0,0,True,12803
C07,drug_B,10.0,382.83333333333337,40.132997645329205,462.9,0,0,16,1.0,183760,0.1048315132224533,electrode_10,383.43333333333334,0,0,0,True,11503
C07,drug_B,10.0,382.83333333333337,40.132997645329205,462.9,0,0,16,1.0,183760,0.1048315132224533,electrode_11,316.8,0,0,0,True,9504
C07,drug_B,10.0,382.83333333333337,40.132997645329205,462.9,0,0,16,1.0,183760,0.1048315132224533,electrode_12,431.1333333333333,0,0,0,True,12934
C07,drug_B,10.0,382.83333333333337,40.132997645329205,462.9,0,0,16,1.0,183760,0.1048315132224533,electrode_13,410.5,0,0,0,True,12315
C07,drug_B,10.0,382.83333333333337,40.132997645329205,462.9,0,0,16,1.0,183760,0.1048315132224533,electrode_14,374.5,0,0,0,True,11235
C07,drug_B,10.0,382.83333333333337,40.132997645329205,462.9,0,0,16,1.0,183760,0.1048315132224533,electrode_15,323.3666666666667,0,0,0,True,9701
C08,drug_B,30.0,994.13125,87.10970132599564,1118.3,0,0,16,1.0,477183,0.08762394434939616,electrode_0,983.8,0,0,0,True,29514
C08,drug_B,30.0,994.13125,87.10970132599564,1118.3,0,0,16,1.0,477183,0.08762394434939616,electrode_1,1012.8333333333334,0,0,0,True,30385
C08,drug_B,30.0,994.13125,87.10970132599564,1118.3,0,0,16,1.0,477183,0.08762394434939616,electrode_2,983.6,0,0,0,True,29508
C08,drug_B,30.0,994.13125,87.10970132599564,1118.3,0,0,16,1.0,477183,0.08762394434939616,electrode_3,907.2666666666667,0,0,0,True,27218
C08,drug_B,30.0,994.13125,87.10970132599564,1118.3,0,0,16,1.0,477183,0.08762394434939616,electrode_4,1086.2666666666667,0,0,0,True,32588
C08,drug_B,30.0,994.13125,87.10970132599564,1118.3,0,0,16,1.0,477183,0.08762394434939616,electrode_5,1083.5,0,0,0,True,32505
C08,drug_B,30.0,994.13125,87.10970132599564,1118.3,0,0,16,1.0,477183,0.08762394434939616,electrode_6,946.9333333333333,0,0,0,True,28408
C08,drug_B,30.0,994.13125,87.10970132599564,1118.3,0,0,16,1.0,477183,0.08762394434939616,electrode_7,908.2666666666667,0,0,0,True,27248
C08,drug_B,30.0,994.13125,87.10970132599564,1118.3,0,0,16,1.0,477183,0.08762394434939616,electrode_8,1118.3,0,0,0,True,33549
C08,drug_B,30.0,994.13125,87.10970132599564,1118.3,0,0,16,1.0,477183,0.08762394434939616,electrode_9,1116.0,0,0,0,True,33480
C08,drug_B,30.0,994.13125,87.10970132599564,1118.3,0,0,16,1.0,477183,0.08762394434939616,electrode_10,977.9,0,0,0,True,29337
C08,drug_B,30.0,994.13125,87.10970132599564,1118.3,0,0,16,1.0,477183,0.08762394434939616,electrode_11,836.1333333333333,0,0,0,True,25084
C08,drug_B,30.0,994.13125,87.10970132599564,1118.3,0,0,16,1.0,477183,0.08762394434939616,electrode_12,1088.5333333333333,0,0,0,True,32656
C08,drug_B,30.0,994.13125,87.10970132599564,1118.3,0,0,16,1.0,477183,0.08762394434939616,electrode_13,1044.2,0,0,0,True,31326
C08,drug_B,30.0,994.13125,87.10970132599564,1118.3,0,0,16,1.0,477183,0.08762394434939616,electrode_14,955.6333333333333,0,0,0,True,28669
C08,drug_B,30.0,994.13125,87.10970132599564,1118.3,0,0,16,1.0,477183,0.08762394434939616,electrode_15,856.9333333333333,0,0,0,True,25708
D01,stimulant,1.0,73.67083333333333,11.650303256663415,94.3,0,0,16,1.0,35362,0.15813996841803177,electrode_0,74.13333333333334,0,0,0,True,2224
D01,stimulant,1.0,73.67083333333333,11.650303256663415,94.3,0,0,16,1.0,35362,0.15813996841803177,electrode_1,67.7,0,0,0,True,2031
D01,stimulant,1.0,73.67083333333333,11.650303256663415,94.3,0,0,16,1.0,35362,0.15813996841803177,electrode_2,72.3,0,0,0,True,2169
D01,stimulant,1.0,73.67083333333333,11.650303256663415,94.3,0,0,16,1.0,35362,0.15813996841803177,electrode_3,78.23333333333333,0,0,0,True,2347
D01,stimulant,1.0,73.67083333333333,11.650303256663415,94.3,0,0,16,1.0,35362,0.15813996841803177,electrode_4,84.93333333333334,0,0,0,True,2548
D01,stimulant,1.0,73.67083333333333,11.650303256663415,94.3,0,0,16,1.0,35362,0.15813996841803177,electrode_5,85.53333333333333,0,0,0,True,2566
D01,stimulant,1.0,73.67083333333333,11.650303256663415,94.3,0,0,16,1.0,35362,0.15813996841803177,electrode_6,74.36666666666666,0,0,0,True,2231
D01,stimulant,1.0,73.67083333333333,11.650303256663415,94.3,0,0,16,1.0,35362,0.15813996841803177,electrode_7,62.63333333333333,0,0,0,True,1879
D01,stimulant,1.0,73.67083333333333,11.650303256663415,94.3,0,0,16,1.0,35362,0.15813996841803177,electrode_8,94.3,0,0,0,True,2829
D01,stimulant,1.0,73.67083333333333,11.650303256663415,94.3,0,0,16,1.0,35362,0.15813996841803177,electrode_9,62.233333333333334,0,0,0,True,1867
D01,stimulant,1.0,73.67083333333333,11.650303256663415,94.3,0,0,16,1.0,35362,0.15813996841803177,electrode_10,67.93333333333334,0,0,0,True,2038
D01,stimulant,1.0,73.67083333333333,11.650303256663415,94.3,0,0,16,1.0,35362,0.15813996841803177,electrode_11,49.56666666666667,0,0,0,True,1487
D01,stimulant,1.0,73.67083333333333,11.650303256663415,94.3,0,0,16,1.0,35362,0.15813996841803177,electrode_12,86.16666666666667,0,0,0,True,2585
D01,stimulant,1.0,73.67083333333333,11.650303256663415,94.3,0,0,16,1.0,35362,0.15813996841803177,electrode_13,84.73333333333333,0,0,0,True,2542
D01,stimulant,1.0,73.67083333333333,11.650303256663415,94.3,0,0,16,1.0,35362,0.15813996841803177,electrode_14,76.6,0,0,0,True,2298
D01,stimulant,1.0,73.67083333333333,11.650303256663415,94.3,0,0,16,1.0,35362,0.15813996841803177,electrode_15,57.36666666666667,0,0,0,True,1721
D02,stimulant,3.0,196.70625,28.27356003492682,254.16666666666666,0,0,16,1.0,94419,0.14373493488349667,electrode_0,198.76666666666668,0,0,0,True,5963
D02,stimulant,3.0,196.70625,28.27356003492682,254.16666666666666,0,0,16,1.0,94419,0.14373493488349667,electrode_1,191.46666666666667,0,0,0,True,5744
D02,stimulant,3.0,196.70625,28.27356003492682,254.16666666666666,0,0,16,1.0,94419,0.14373493488349667,electrode_2,175.43333333333334,0,0,0,True,5263
D02,stimulant,3.0,196.70625,28.27356003492682,254.16666666666666,0,0,16,1.0,94419,0.14373493488349667,electrode_3,192.43333333333334,0,0,0,True,5773
D02,stimulant,3.0,196.70625,28.27356003492682,254.16666666666666,0,0,16,1.0,94419,0.14373493488349667,electrode_4,247.03333333333333,0,0,0,True,7411
D02,stimulant,3.0,196.70625,28.27356003492682,254.16666666666666,0,0,16,1.0,94419,0.14373493488349667,electrode_5,208.7,0,0,0,True,6261
D02,stimulant,3.0,196.70625,28.27356003492682,254.16666666666666,0,0,16,1.0,94419,0.14373493488349667,electrode_6,160.0,0,0,0,True,4800
D02,stimulant,3.0,196.70625,28.27356003492682,254.16666666666666,0,0,16,1.0,94419,0.14373493488349667,electrode_7,167.93333333333334,0,0,0,True,5038
D02,stimulant,3.0,196.70625,28.27356003492682,254.16666666666666,0,0,16,1.0,94419,0.14373493488349667,electrode_8,254.16666666666666,0,0,0,True,7625
D02,stimulant,3.0,196.70625,28.27356003492682,254.16666666666666,0,0,16,1.0,94419,0.14373493488349667,electrode_9,216.8,0,0,0,True,6504
D02,stimulant,3.0,196.70625,28.27356003492682,254.16666666666666,0,0,16,1.0,94419,0.14373493488349667,electrode_10,179.73333333333332,0,0,0,True,5392
D02,stimulant,3.0,196.70625,28.27356003492682,254.16666666666666,0,0,16,1.0,94419,0.14373493488349667,electrode_11,147.53333333333333,0,0,0,True,4426
D02,stimulant,3.0,196.70625,28.27356003492682,254.16666666666666,0,0,16,1.0,94419,0.14373493488349667,electrode_12,213.33333333333334,0,0,0,True,6400
D02,stimulant,3.0,196.70625,28.27356003492682,254.16666666666666,0,0,16,1.0,94419,0.14373493488349667,electrode_13,218.06666666666666,0,0,0,True,6542
D02,stimulant,3.0,196.70625,28.27356003492682,254.16666666666666,0,0,16,1.0,94419,0.14373493488349667,electrode_14,196.26666666666668,0,0,0,True,5888
D02,stimulant,3.0,196.70625,28.27356003492682,254.16666666666666,0,0,16,1.0,94419,0.14373493488349667,electrode_15,179.63333333333333,0,0,0,True,5389
D03,stimulant,10.0,607.66875,60.530442832913515,721.0333333333333,0,0,16,1.0,291681,0.09961091932555938,electrode_0,542.2666666666667,0,0,0,True,16268
D03,stimulant,10.0,607.66875,60.530442832913515,721.0333333333333,0,0,16,1.0,291681,0.09961091932555938,electrode_1,596.6333333333333,0,0,0,True,17899
D03,stimulant,10.0,607.66875,60.530442832913515,721.0333333333333,0,0,16,1.0,291681,0.09961091932555938,electrode_2,569.0,0,0,0,True,17070
D03,stimulant,10.0,607.66875,60.530442832913515,721.0333333333333,0,0,16,1.0,291681,0.09961091932555938,electrode_3,594.9666666666667,0,0,0,True,17849
D03,stimulant,10.0,607.66875,60.530442832913515,721.0333333333333,0,0,16,1.0,291681,0.09961091932555938,electrode_4,688.1333333333333,0,0,0,True,20644
D03,stimulant,10.0,607.66875,60.530442832913515,721.0333333333333,0,0,16,1.0,291681,0.09961091932555938,electrode_5,653.6,0,0,0,True,19608
D03,stimulant,10.0,607.66875,60.530442832913515,721.0333333333333,0,0,16,1.0,291681,0.09961091932555938,electrode_6,582.4,0,0,0,True,17472
D03,stimulant,10.0,607.66875,60.530442832913515,721.0333333333333,0,0,16,1.0,291681,0.09961091932555938,electrode_7,518.9,0,0,0,True,15567
D03,stimulant,10.0,607.66875,60.530442832913515,721.0333333333333,0,0,16,1.0,291681,0.09961091932555938,electrode_8,721.0333333333333,0,0,0,True,21631
D03,stimulant,10.0,607.66875,60.530442832913515,721.0333333333333,0,0,16,1.0,291681,0.09961091932555938,electrode_9,682.0,0,0,0,True,20460
D03,stimulant,10.0,607.66875,60.530442832913515,721.0333333333333,0,0,16,1.0,291681,0.09961091932555938,electrode_10,590.7,0,0,0,True,17721
D03,stimulant,10.0,607.66875,60.530442832913515,721.0333333333333,0,0,16,1.0,291681,0.09961091932555938,electrode_11,536.9333333333333,0,0,0,True,16108
D03,stimulant,10.0,607.66875,60.530442832913515,721.0333333333333,0,0,16,1.0,291681,0.09961091932555938,electrode_12,681.3,0,0,0,True,20439
D03,stimulant,10.0,607.66875,60.530442832913515,721.0333333333333,0,0,16,1.0,291681,0.09961091932555938,electrode_13,637.7,0,0,0,True,19131
D03,stimulant,10.0,607.66875,60.530442832913515,721.0333333333333,0,0,16,1.0,291681,0.09961091932555938,electrode_14,591.7,0,0,0,True,17751
D03,stimulant,10.0,607.66875,60.530442832913515,721.0333333333333,0,0,16,1.0,291681,0.09961091932555938,electrode_15,535.4333333333333,0,0,0,True,16063
D04,stimulant,30.0,1686.4083333333333,174.16571790012716,1966.6333333333334,0,0,16,1.0,809476,0.10327612503898947,electrode_0,1695.1666666666667,0,0,0,True,50855
D04,stimulant,30.0,1686.4083333333333,174.16571790012716,1966.6333333333334,0,0,16,1.0,809476,0.10327612503898947,electrode_1,1622.5,0,0,0,True,48675
D04,stimulant,30.0,1686.4083333333333,174.16571790012716,1966.6333333333334,0,0,16,1.0,809476,0.10327612503898947,electrode_2,1593.6,0,0,0,True,47808
D04,stimulant,30.0,1686.4083333333333,174.16571790012716,1966.6333333333334,0,0,16,1.0,809476,0.10327612503898947,electrode_3,1618.5666666666666,0,0,0,True,48557
D04,stimulant,30.0,1686.4083333333333,174.16571790012716,1966.6333333333334,0,0,16,1.0,809476,0.10327612503898947,electrode_4,1860.2,0,0,0,True,55806
D04,stimulant,30.0,1686.4083333333333,174.16571790012716,1966.6333333333334,0,0,16,1.0,809476,0.10327612503898947,electrode_5,1792.8333333333333,0,0,0,True,53785
D04,stimulant,30.0,1686.4083333333333,174.16571790012716,1966.6333333333334,0,0,16,1.0,809476,0.10327612503898947,electrode_6,1715.8,0,0,0,True,51474
D04,stimulant,30.0,1686.4083333333333,174.16571790012716,1966.6333333333334,0,0,16,1.0,809476,0.10327612503898947,electrode_7,1474.1666666666667,0,0,0,True,44225
D04,stimulant,30.0,1686.4083333333333,174.16571790012716,1966.6333333333334,0,0,16,1.0,809476,0.10327612503898947,electrode_8,1961.3,0,0,0,True,58839
D04,stimulant,30.0,1686.4083333333333,174.16571790012716,1966.6333333333334,0,0,16,1.0,809476,0.10327612503898947,electrode_9,1966.6333333333334,0,0,0,True,58999
D04,stimulant,30.0,1686.4083333333333,174.16571790012716,1966.6333333333334,0,0,16,1.0,809476,0.10327612503898947,electrode_10,1614.5,0,0,0,True,48435
D04,stimulant,30.0,1686.4083333333333,174.16571790012716,1966.6333333333334,0,0,16,1.0,809476,0.10327612503898947,electrode_11,1388.0333333333333,0,0,0,True,41641
D04,stimulant,30.0,1686.4083333333333,174.16571790012716,1966.6333333333334,0,0,16,1.0,809476,0.10327612503898947,electrode_12,1926.8333333333333,0,0,0,True,57805
D04,stimulant,30.0,1686.4083333333333,174.16571790012716,1966.6333333333334,0,0,16,1.0,809476,0.10327612503898947,electrode_13,1712.7333333333333,0,0,0,True,51382
D04,stimulant,30.0,1686.4083333333333,174.16571790012716,1966.6333333333334,0,0,16,1.0,809476,0.10327612503898947,electrode_14,1615.3333333333333,0,0,0,True,48460
D04,stimulant,30.0,1686.4083333333333,174.16571790012716,1966.6333333333334,0,0,16,1.0,809476,0.10327612503898947,electrode_15,1424.3333333333333,0,0,0,True,42730
D05,inhibitor,0.1,1.18125,0.24036105653786763,1.6666666666666667,0,0,16,1.0,567,0.20348025950295673,electrode_0,1.1333333333333333,0,0,0,True,34
D05,inhibitor,0.1,1.18125,0.24036105653786763,1.6666666666666667,0,0,16,1.0,567,0.20348025950295673,electrode_1,0.8333333333333334,0,0,0,True,25
D05,inhibitor,0.1,1.18125,0.24036105653786763,1.6666666666666667,0,0,16,1.0,567,0.20348025950295673,electrode_2,1.3666666666666667,0,0,0,True,41
D05,inhibitor,0.1,1.18125,0.24036105653786763,1.6666666666666667,0,0,16,1.0,567,0.20348025950295673,electrode_3,1.6,0,0,0,True,48
D05,inhibitor,0.1,1.18125,0.24036105653786763,1.6666666666666667,0,0,16,1.0,567,0.20348025950295673,electrode_4,1.6666666666666667,0,0,0,True,50
D05,inhibitor,0.1,1.18125,0.24036105653786763,1.6666666666666667,0,0,16,1.0,567,0.20348025950295673,electrode_5,1.2666666666666666,0,0,0,True,38
D05,inhibitor,0.1,1.18125,0.24036105653786763,1.6666666666666667,0,0,16,1.0,567,0.20348025950295673,electrode_6,1.1666666666666667,0,0,0,True,35
D05,inhibitor,0.1,1.18125,0.24036105653786763,1.6666666666666667,0,0,16,1.0,567,0.20348025950295673,electrode_7,0.9666666666666667,0,0,0,True,29
D05,inhibitor,0.1,1.18125,0.24036105653786763,1.6666666666666667,0,0,16,1.0,567,0.20348025950295673,electrode_8,1.2666666666666666,0,0,0,True,38
D05,inhibitor,0.1,1.18125,0.24036105653786763,1.6666666666666667,0,0,16,1.0,567,0.20348025950295673,electrode_9,0.9666666666666667,0,0,0,True,29
D05,inhibitor,0.1,1.18125,0.24036105653786763,1.6666666666666667,0,0,16,1.0,567,0.20348025950295673,electrode_10,1.3,0,0,0,True,39
D05,inhibitor,0.1,1.18125,0.24036105653786763,1.6666666666666667,0,0,16,1.0,567,0.20348025950295673,electrode_11,0.8333333333333334,0,0,0,True,25
D05,inhibitor,0.1,1.18125,0.24036105653786763,1.6666666666666667,0,0,16,1.0,567,0.20348025950295673,electrode_12,1.0666666666666667,0,0,0,True,32
D05,inhibitor,0.1,1.18125,0.24036105653786763,1.6666666666666667,0,0,16,1.0,567,0.20348025950295673,electrode_13,1.1,0,0,0,True,33
D05,inhibitor,0.1,1.18125,0.24036105653786763,1.6666666666666667,0,0,16,1.0,567,0.20348025950295673,electrode_14,0.9666666666666667,0,0,0,True,29
D05,inhibitor,0.1,1.18125,0.24036105653786763,1.6666666666666667,0,0,16,1.0,567,0.20348025950295673,electrode_15,1.4,0,0,0,True,42
D06,inhibitor,0.3,1.33125,0.44463917175115775,2.5,0,0,16,1.0,639,0.33400125577551754,electrode_0,0.6333333333333333,0,0,0,True,19
D06,inhibitor,0.3,1.33125,0.44463917175115775,2.5,0,0,16,1.0,639,0.33400125577551754,electrode_1,1.2,0,0,0,True,36
D06,inhibitor,0.3,1.33125,0.44463917175115775,2.5,0,0,16,1.0,639,0.33400125577551754,electrode_2,0.8666666666666667,0,0,0,True,26
D06,inhibitor,0.3,1.33125,0.44463917175115775,2.5,0,0,16,1.0,639,0.33400125577551754,electrode_3,1.1666666666666667,0,0,0,True,35
D06,inhibitor,0.3,1.33125,0.44463917175115775,2.5,0,0,16,1.0,639,0.33400125577551754,electrode_4,1.5333333333333334,0,0,0,True,46
D06,inhibitor,0.3,1.33125,0.44463917175115775,2.5,0,0,16,1.0,639,0.33400125577551754,electrode_5,1.1333333333333333,0,0,0,True,34
D06,inhibitor,0.3,1.33125,0.44463917175115775,2.5,0,0,16,1.0,639,0.33400125577551754,electrode_6,1.1333333333333333,0,0,0,True,34
D06,inhibitor,0.3,1.33125,0.44463917175115775,2.5,0,0,16,1.0,639,0.33400125577551754,electrode_7,1.0666666666666667,0,0,0,True,32
D06,inhibitor,0.3,1.33125,0.44463917175115775,2.5,0,0,16,1.0,639,0.33400125577551754,electrode_8,2.0,0,0,0,True,60
D06,inhibitor,0.3,1.33125,0.44463917175115775,2.5,0,0,16,1.0,639,0.33400125577551754,electrode_9,1.7666666666666666,0,0,0,True,53
D06,inhibitor,0.3,1.33125,0.44463917175115775,2.5,0,0,16,1.0,639,0.33400125577551754,electrode_10,2.5,0,0,0,True,75
D06,inhibitor,0.3,1.33125,0.44463917175115775,2.5,0,0,16,1.0,639,0.33400125577551754,electrode_11,1.3333333333333333,0,0,0,True,40
D06,inhibitor,0.3,1.33125,0.44463917175115775,2.5,0,0,16,1.0,639,0.33400125577551754,electrode_12,1.5,0,0,0,True,45
D06,inhibitor,0.3,1.33125,0.44463917175115775,2.5,0,0,16,1.0,639,0.33400125577551754,electrode_13,1.2333333333333334,0,0,0,True,37
D06,inhibitor,0.3,1.33125,0.44463917175115775,2.5,0,0,16,1.0,639,0.33400125577551754,electrode_14,1.3333333333333333,0,0,0,True,40
D06,inhibitor,0.3,1.33125,0.44463917175115775,2.5,0,0,16,1.0,639,0.33400125577551754,electrode_15,0.9,0,0,0,True,27
D07,inhibitor,1.0,1.81875,0.47036757936981816,3.033333333333333,0,0,16,1.0,873,0.25862134948168697,electrode_0,1.7666666666666666,0,0,0,True,53
D07,inhibitor,1.0,1.81875,0.47036757936981816,3.033333333333333,0,0,16,1.0,873,0.25862134948168697,electrode_1,1.6333333333333333,0,0,0,True,49
D07,inhibitor,1.0,1.81875,0.47036757936981816,3.033333333333333,0,0,16,1.0,873,0.25862134948168697,electrode_2,1.6,0,0,0,True,48
D07,inhibitor,1.0,1.81875,0.47036757936981816,3.033333333333333,0,0,16,1.0,873,0.25862134948168697,electrode_3,1.9666666666666666,0,0,0,True,59
D07,inhibitor,1.0,1.81875,0.47036757936981816,3.033333333333333,0,0,16,1.0,873,0.25862134948168697,electrode_4,1.5666666666666667,0,0,0,True,47
D07,inhibitor,1.0,1.81875,0.47036757936981816,3.033333333333333,0,0,16,1.0,873,0.25862134948168697,electrode_5,3.033333333333333,0,0,0,True,91
D07,inhibitor,1.0,1.81875,0.47036757936981816,3.033333333333333,0,0,16,1.0,873,0.25862134948168697,electrode_6,1.2333333333333334,0,0,0,True,37
D07,inhibitor,1.0,1.81875,0.47036757936981816,3.033333333333333,0,0,16,1.0,873,0.25862134948168697,electrode_7,1.7333333333333334,0,0,0,True,52
D07,inhibitor,1.0,1.81875,0.47036757936981816,3.033333333333333,0,0,16,1.0,873,0.25862134948168697,electrode_8,2.6333333333333333,0,0,0,True,79
D07,inhibitor,1.0,1.81875,0.47036757936981816,3.033333333333333,0,0,16,1.0,873,0.25862134948168697,electrode_9,1.9,0,0,0,True,57
D07,inhibitor,1.0,1.81875,0.47036757936981816,3.033333333333333,0,0,16,1.0,873,0.25862134948168697,electrode_10,1.7666666666666666,0,0,0,True,53
D07,inhibitor,1.0,1.81875,0.47036757936981816,3.033333333333333,0,0,16,1.0,873,0.25862134948168697,electrode_11,1.2333333333333334,0,0,0,True,37
D07,inhibitor,1.0,1.81875,0.47036757936981816,3.033333333333333,0,0,16,1.0,873,0.25862134948168697,electrode_12,2.2,0,0,0,True,66
D07,inhibitor,1.0,1.81875,0.47036757936981816,3.033333333333333,0,0,16,1.0,873,0.25862134948168697,electrode_13,1.8,0,0,0,True,54
D07,inhibitor,1.0,1.81875,0.47036757936981816,3.033333333333333,0,0,16,1.0,873,0.25862134948168697,electrode_14,1.2,0,0,0,True,36
D07,inhibitor,1.0,1.81875,0.47036757936981816,3.033333333333333,0,0,16,1.0,873,0.25862134948168697,electrode_15,1.8333333333333333,0,0,0,True,55
D08,inhibitor,3.0,2.9291666666666663,0.8793048864491391,4.433333333333334,0,0,16,1.0,1406,0.30018943491862504,electrode_0,2.8,0,0,0,True,84
D08,inhibitor,3.0,2.9291666666666663,0.8793048864491391,4.433333333333334,0,0,16,1.0,1406,0.30018943491862504,electrode_1,3.1333333333333333,0,0,0,True,94
D08,inhibitor,3.0,2.9291666666666663,0.8793048864491391,4.433333333333334,0,0,16,1.0,1406,0.30018943491862504,electrode_2,2.2333333333333334,0,0,0,True,67
D08,inhibitor,3.0,2.9291666666666663,0.8793048864491391,4.433333333333334,0,0,16,1.0,1406,0.30018943491862504,electrode_3,4.333333333333333,0,0,0,True,130
D08,inhibitor,3.0,2.9291666666666663,0.8793048864491391,4.433333333333334,0,0,16,1.0,1406,0.30018943491862504,electrode_4,3.7666666666666666,0,0,0,True,113
D08,inhibitor,3.0,2.9291666666666663,0.8793048864491391,4.433333333333334,0,0,16,1.0,1406,0.30018943491862504,electrode_5,2.933333333333333,0,0,0,True,88
D08,inhibitor,3.0,2.9291666666666663,0.8793048864491391,4.433333333333334,0,0,16,1.0,1406,0.30018943491862504,electrode_6,2.1666666666666665,0,0,0,True,65
D08,inhibitor,3.0,2.9291666666666663,0.8793048864491391,4.433333333333334,0,0,16,1.0,1406,0.30018943491862504,electrode_7,1.9666666666666666,0,0,0,True,59
D08,inhibitor,3.0,2.9291666666666663,0.8793048864491391,4.433333333333334,0,0,16,1.0,1406,0.30018943491862504,electrode_8,4.433333333333334,0,0,0,True,133
D08,inhibitor,3.0,2.9291666666666663,0.8793048864491391,4.433333333333334,0,0,16,1.0,1406,0.30018943491862504,electrode_9,3.2666666666666666,0,0,0,True,98
D08,inhibitor,3.0,2.9291666666666663,0.8793048864491391,4.433333333333334,0,0,16,1.0,1406,0.30018943491862504,electrode_10,3.0,0,0,0,True,90
D08,inhibitor,3.0,2.9291666666666663,0.8793048864491391,4.433333333333334,0,0,16,1.0,1406,0.30018943491862504,electrode_11,2.0,0,0,0,True,60
D08,inhibitor,3.0,2.9291666666666663,0.8793048864491391,4.433333333333334,0,0,16,1.0,1406,0.30018943491862504,electrode_12,4.433333333333334,0,0,0,True,133
D08,inhibitor,3.0,2.9291666666666663,0.8793048864491391,4.433333333333334,0,0,16,1.0,1406,0.30018943491862504,electrode_13,2.533333333333333,0,0,0,True,76
D08,inhibitor,3.0,2.9291666666666663,0.8793048864491391,4.433333333333334,0,0,16,1.0,1406,0.30018943491862504,electrode_14,1.9333333333333333,0,0,0,True,58
D08,inhibitor,3.0,2.9291666666666663,0.8793048864491391,4.433333333333334,0,0,16,1.0,1406,0.30018943491862504,electrode_15,1.9333333333333333,0,0,0,True,58
